state,node,zone,is_root,is_target,is_critical,BN,MOD_node_out_degree,on_shortest_attack_path,cvss_max,theta_bn,theta_mod,struct_pass_raw
NORMAL,0,Core,True,True,True,0.000000,3.000000,True,10.000000,0.000000,1.450772,False
NORMAL,1,Core,False,True,False,0.000000,1.000000,False,6.600000,0.000000,1.450772,True
NORMAL,2,Core,False,True,False,0.000000,1.000000,False,0.000000,0.000000,1.450772,True
NORMAL,3,Core,False,True,False,0.000000,1.000000,False,0.000000,0.000000,1.450772,True
NORMAL,4,Core,False,True,False,0.000000,0.000000,False,0.000000,0.000000,1.450772,True
NORMAL,5,DMZ,True,False,False,0.000000,0.000000,False,10.000000,0.000000,1.450772,True
NORMAL,6,DMZ,True,False,False,0.000000,1.000000,False,9.800000,0.000000,1.450772,True
NORMAL,7,FIN,True,True,True,0.000000,1.000000,True,9.800000,0.000000,1.450772,True
NORMAL,8,FIN,True,True,True,0.000000,1.000000,True,9.800000,0.000000,1.450772,True
NORMAL,9,HR,True,False,False,0.000000,0.000000,False,8.800000,0.000000,1.450772,True
NORMAL,10,HR,False,False,False,0.000000,1.000000,False,0.000000,0.000000,1.450772,True
NORMAL,11,HR,False,False,False,0.000000,1.000000,False,0.000000,0.000000,1.450772,True
NORMAL,12,HR,False,False,False,0.000000,1.000000,False,0.000000,0.000000,1.450772,True
NORMAL,13,HR,False,False,False,0.000000,0.000000,False,0.000000,0.000000,1.450772,True
NORMAL,14,IT,False,False,False,0.000000,1.000000,False,7.800000,0.000000,1.450772,True
NORMAL,15,IT,False,False,False,0.000000,0.000000,False,0.000000,0.000000,1.450772,True
NORMAL,16,IT,False,False,False,0.000000,0.000000,False,0.000000,0.000000,1.450772,True
NORMAL,17,IT,False,False,False,0.000000,0.000000,False,0.000000,0.000000,1.450772,True
NORMAL,18,IT,False,False,False,0.000000,1.000000,False,0.000000,0.000000,1.450772,True
BW_CONGESTION,0,Core,True,True,True,0.000000,3.000000,True,10.000000,0.000000,1.450772,False
BW_CONGESTION,1,Core,False,True,False,0.000000,1.000000,False,6.600000,0.000000,1.450772,True
BW_CONGESTION,2,Core,False,True,False,0.000000,1.000000,False,0.000000,0.000000,1.450772,True
BW_CONGESTION,3,Core,False,True,False,0.000000,1.000000,False,0.000000,0.000000,1.450772,True
BW_CONGESTION,4,Core,False,True,False,0.000000,0.000000,False,0.000000,0.000000,1.450772,True
BW_CONGESTION,5,DMZ,True,False,False,0.000000,0.000000,False,10.000000,0.000000,1.450772,True
BW_CONGESTION,6,DMZ,True,False,False,0.000000,1.000000,False,9.800000,0.000000,1.450772,True
BW_CONGESTION,7,FIN,True,True,True,0.000000,1.000000,True,9.800000,0.000000,1.450772,True
BW_CONGESTION,8,FIN,True,True,True,0.000000,1.000000,True,9.800000,0.000000,1.450772,True
BW_CONGESTION,9,HR,True,False,False,0.000000,0.000000,False,8.800000,0.000000,1.450772,True
BW_CONGESTION,10,HR,False,False,False,0.000000,1.000000,False,0.000000,0.000000,1.450772,True
BW_CONGESTION,11,HR,False,False,False,0.000000,1.000000,False,0.000000,0.000000,1.450772,True
BW_CONGESTION,12,HR,False,False,False,0.000000,1.000000,False,0.000000,0.000000,1.450772,True
BW_CONGESTION,13,HR,False,False,False,0.000000,0.000000,False,0.000000,0.000000,1.450772,True
BW_CONGESTION,14,IT,False,False,False,0.000000,1.000000,False,7.800000,0.000000,1.450772,True
BW_CONGESTION,15,IT,False,False,False,0.000000,0.000000,False,0.000000,0.000000,1.450772,True
BW_CONGESTION,16,IT,False,False,False,0.000000,0.000000,False,0.000000,0.000000,1.450772,True
BW_CONGESTION,17,IT,False,False,False,0.000000,0.000000,False,0.000000,0.000000,1.450772,True
BW_CONGESTION,18,IT,False,False,False,0.000000,1.000000,False,0.000000,0.000000,1.450772,True
TRUST_DEGRADED,0,Core,True,True,True,0.000000,3.000000,True,10.000000,0.000000,1.450772,False
TRUST_DEGRADED,1,Core,False,True,False,0.000000,1.000000,False,6.600000,0.000000,1.450772,True
TRUST_DEGRADED,2,Core,False,True,False,0.000000,1.000000,False,0.000000,0.000000,1.450772,True
TRUST_DEGRADED,3,Core,False,True,False,0.000000,1.000000,False,0.000000,0.000000,1.450772,True
TRUST_DEGRADED,4,Core,False,True,False,0.000000,0.000000,False,0.000000,0.000000,1.450772,True
TRUST_DEGRADED,5,DMZ,True,False,False,0.000000,0.000000,False,10.000000,0.000000,1.450772,True
TRUST_DEGRADED,6,DMZ,True,False,False,0.000000,1.000000,False,9.800000,0.000000,1.450772,True
TRUST_DEGRADED,7,FIN,True,True,True,0.000000,1.000000,True,9.800000,0.000000,1.450772,True
TRUST_DEGRADED,8,FIN,True,True,True,0.000000,1.000000,True,9.800000,0.000000,1.450772,True
TRUST_DEGRADED,9,HR,True,False,False,0.000000,0.000000,False,8.800000,0.000000,1.450772,True
TRUST_DEGRADED,10,HR,False,False,False,0.000000,1.000000,False,0.000000,0.000000,1.450772,True
TRUST_DEGRADED,11,HR,False,False,False,0.000000,1.000000,False,0.000000,0.000000,1.450772,True
TRUST_DEGRADED,12,HR,False,False,False,0.000000,1.000000,False,0.000000,0.000000,1.450772,True
TRUST_DEGRADED,13,HR,False,False,False,0.000000,0.000000,False,0.000000,0.000000,1.450772,True
TRUST_DEGRADED,14,IT,False,False,False,0.000000,1.000000,False,7.800000,0.000000,1.450772,True
TRUST_DEGRADED,15,IT,False,False,False,0.000000,0.000000,False,0.000000,0.000000,1.450772,True
TRUST_DEGRADED,16,IT,False,False,False,0.000000,0.000000,False,0.000000,0.000000,1.450772,True
TRUST_DEGRADED,17,IT,False,False,False,0.000000,0.000000,False,0.000000,0.000000,1.450772,True
TRUST_DEGRADED,18,IT,False,False,False,0.000000,1.000000,False,0.000000,0.000000,1.450772,True
DELAY_SPIKE,0,Core,True,True,True,0.000000,3.000000,True,10.000000,0.000000,1.450772,False
DELAY_SPIKE,1,Core,False,True,False,0.000000,1.000000,False,6.600000,0.000000,1.450772,True
DELAY_SPIKE,2,Core,False,True,False,0.000000,1.000000,False,0.000000,0.000000,1.450772,True
DELAY_SPIKE,3,Core,False,True,False,0.000000,1.000000,False,0.000000,0.000000,1.450772,True
DELAY_SPIKE,4,Core,False,True,False,0.000000,0.000000,False,0.000000,0.000000,1.450772,True
DELAY_SPIKE,5,DMZ,True,False,False,0.000000,0.000000,False,10.000000,0.000000,1.450772,True
DELAY_SPIKE,6,DMZ,True,False,False,0.000000,1.000000,False,9.800000,0.000000,1.450772,True
DELAY_SPIKE,7,FIN,True,True,True,0.000000,1.000000,True,9.800000,0.000000,1.450772,True
DELAY_SPIKE,8,FIN,True,True,True,0.000000,1.000000,True,9.800000,0.000000,1.450772,True
DELAY_SPIKE,9,HR,True,False,False,0.000000,0.000000,False,8.800000,0.000000,1.450772,True
DELAY_SPIKE,10,HR,False,False,False,0.000000,1.000000,False,0.000000,0.000000,1.450772,True
DELAY_SPIKE,11,HR,False,False,False,0.000000,1.000000,False,0.000000,0.000000,1.450772,True
DELAY_SPIKE,12,HR,False,False,False,0.000000,1.000000,False,0.000000,0.000000,1.450772,True
DELAY_SPIKE,13,HR,False,False,False,0.000000,0.000000,False,0.000000,0.000000,1.450772,True
DELAY_SPIKE,14,IT,False,False,False,0.000000,1.000000,False,7.800000,0.000000,1.450772,True
DELAY_SPIKE,15,IT,False,False,False,0.000000,0.000000,False,0.000000,0.000000,1.450772,True
DELAY_SPIKE,16,IT,False,False,False,0.000000,0.000000,False,0.000000,0.000000,1.450772,True
DELAY_SPIKE,17,IT,False,False,False,0.000000,0.000000,False,0.000000,0.000000,1.450772,True
DELAY_SPIKE,18,IT,False,False,False,0.000000,1.000000,False,0.000000,0.000000,1.450772,True
STRUCTURE_MITIGATED,0,Core,True,True,True,0.000000,3.000000,True,10.000000,0.000000,1.450772,False
STRUCTURE_MITIGATED,1,Core,False,True,False,0.000000,1.000000,False,6.600000,0.000000,1.450772,True
STRUCTURE_MITIGATED,2,Core,False,True,False,0.000000,1.000000,False,0.000000,0.000000,1.450772,True
STRUCTURE_MITIGATED,3,Core,False,True,False,0.000000,1.000000,False,0.000000,0.000000,1.450772,True
STRUCTURE_MITIGATED,4,Core,False,True,False,0.000000,0.000000,False,0.000000,0.000000,1.450772,True
STRUCTURE_MITIGATED,5,DMZ,True,False,False,0.000000,0.000000,False,10.000000,0.000000,1.450772,True
STRUCTURE_MITIGATED,6,DMZ,True,False,False,0.000000,1.000000,False,9.800000,0.000000,1.450772,True
STRUCTURE_MITIGATED,7,FIN,True,True,True,0.000000,1.000000,True,9.800000,0.000000,1.450772,True
STRUCTURE_MITIGATED,8,FIN,True,True,True,0.000000,1.000000,True,9.800000,0.000000,1.450772,True
STRUCTURE_MITIGATED,9,HR,True,False,False,0.000000,0.000000,False,8.800000,0.000000,1.450772,True
STRUCTURE_MITIGATED,10,HR,False,False,False,0.000000,1.000000,False,0.000000,0.000000,1.450772,True
STRUCTURE_MITIGATED,11,HR,False,False,False,0.000000,1.000000,False,0.000000,0.000000,1.450772,True
STRUCTURE_MITIGATED,12,HR,False,False,False,0.000000,1.000000,False,0.000000,0.000000,1.450772,True
STRUCTURE_MITIGATED,13,HR,False,False,False,0.000000,0.000000,False,0.000000,0.000000,1.450772,True
STRUCTURE_MITIGATED,14,IT,False,False,False,0.000000,1.000000,False,7.800000,0.000000,1.450772,True
STRUCTURE_MITIGATED,15,IT,False,False,False,0.000000,0.000000,False,0.000000,0.000000,1.450772,True
STRUCTURE_MITIGATED,16,IT,False,False,False,0.000000,0.000000,False,0.000000,0.000000,1.450772,True
STRUCTURE_MITIGATED,17,IT,False,False,False,0.000000,0.000000,False,0.000000,0.000000,1.450772,True
STRUCTURE_MITIGATED,18,IT,False,False,False,0.000000,1.000000,False,0.000000,0.000000,1.450772,True
