state,node,zone,I_identity,B_behavior,C_context,T_trust_0_4I_0_3B_0_3C,theta_path,trust_pass,BN,MOD,theta_bn,theta_mod,struct_pass_raw,struct_exempt_core_or_endpoint,struct_pass_after_exemption,composite_node_mask
NORMAL,0,Core,1.000000,0.950000,1.000000,0.985000,0.900000,True,0.000000,3.000000,0.000000,1.450772,False,True,True,True
NORMAL,1,Core,1.000000,0.950000,1.000000,0.985000,0.900000,True,0.000000,1.000000,0.000000,1.450772,True,True,True,True
NORMAL,2,Core,1.000000,0.950000,1.000000,0.985000,0.900000,True,0.000000,1.000000,0.000000,1.450772,True,True,True,True
NORMAL,3,Core,1.000000,0.950000,1.000000,0.985000,0.900000,True,0.000000,1.000000,0.000000,1.450772,True,True,True,True
NORMAL,4,Core,1.000000,0.950000,1.000000,0.985000,0.900000,True,0.000000,0.000000,0.000000,1.450772,True,True,True,True
NORMAL,5,DMZ,1.000000,0.950000,1.000000,0.985000,0.900000,True,0.000000,0.000000,0.000000,1.450772,True,False,True,True
NORMAL,6,DMZ,1.000000,0.950000,1.000000,0.985000,0.900000,True,0.000000,1.000000,0.000000,1.450772,True,False,True,True
NORMAL,7,FIN,1.000000,0.950000,1.000000,0.985000,0.900000,True,0.000000,1.000000,0.000000,1.450772,True,True,True,True
NORMAL,8,FIN,1.000000,0.950000,1.000000,0.985000,0.900000,True,0.000000,1.000000,0.000000,1.450772,True,False,True,True
NORMAL,9,HR,1.000000,0.950000,1.000000,0.985000,0.900000,True,0.000000,0.000000,0.000000,1.450772,True,False,True,True
NORMAL,10,HR,1.000000,0.950000,1.000000,0.985000,0.900000,True,0.000000,1.000000,0.000000,1.450772,True,False,True,True
NORMAL,11,HR,1.000000,0.950000,1.000000,0.985000,0.900000,True,0.000000,1.000000,0.000000,1.450772,True,False,True,True
NORMAL,12,HR,1.000000,0.950000,1.000000,0.985000,0.900000,True,0.000000,1.000000,0.000000,1.450772,True,False,True,True
NORMAL,13,HR,1.000000,0.950000,1.000000,0.985000,0.900000,True,0.000000,0.000000,0.000000,1.450772,True,False,True,True
NORMAL,14,IT,1.000000,0.950000,1.000000,0.985000,0.900000,True,0.000000,1.000000,0.000000,1.450772,True,True,True,True
NORMAL,15,IT,1.000000,0.950000,1.000000,0.985000,0.900000,True,0.000000,0.000000,0.000000,1.450772,True,False,True,True
NORMAL,16,IT,1.000000,0.950000,1.000000,0.985000,0.900000,True,0.000000,0.000000,0.000000,1.450772,True,False,True,True
NORMAL,17,IT,1.000000,0.950000,1.000000,0.985000,0.900000,True,0.000000,0.000000,0.000000,1.450772,True,False,True,True
NORMAL,18,IT,1.000000,0.950000,1.000000,0.985000,0.900000,True,0.000000,1.000000,0.000000,1.450772,True,False,True,True
BW_CONGESTION,0,Core,1.000000,0.950000,1.000000,0.985000,0.900000,True,0.000000,3.000000,0.000000,1.450772,False,True,True,True
BW_CONGESTION,1,Core,1.000000,0.950000,1.000000,0.985000,0.900000,True,0.000000,1.000000,0.000000,1.450772,True,True,True,True
BW_CONGESTION,2,Core,1.000000,0.950000,1.000000,0.985000,0.900000,True,0.000000,1.000000,0.000000,1.450772,True,True,True,True
BW_CONGESTION,3,Core,1.000000,0.950000,1.000000,0.985000,0.900000,True,0.000000,1.000000,0.000000,1.450772,True,True,True,True
BW_CONGESTION,4,Core,1.000000,0.950000,1.000000,0.985000,0.900000,True,0.000000,0.000000,0.000000,1.450772,True,True,True,True
BW_CONGESTION,5,DMZ,1.000000,0.950000,1.000000,0.985000,0.900000,True,0.000000,0.000000,0.000000,1.450772,True,False,True,True
BW_CONGESTION,6,DMZ,1.000000,0.950000,1.000000,0.985000,0.900000,True,0.000000,1.000000,0.000000,1.450772,True,False,True,True
BW_CONGESTION,7,FIN,1.000000,0.950000,1.000000,0.985000,0.900000,True,0.000000,1.000000,0.000000,1.450772,True,True,True,True
BW_CONGESTION,8,FIN,1.000000,0.950000,1.000000,0.985000,0.900000,True,0.000000,1.000000,0.000000,1.450772,True,False,True,True
BW_CONGESTION,9,HR,1.000000,0.950000,1.000000,0.985000,0.900000,True,0.000000,0.000000,0.000000,1.450772,True,False,True,True
BW_CONGESTION,10,HR,1.000000,0.950000,1.000000,0.985000,0.900000,True,0.000000,1.000000,0.000000,1.450772,True,False,True,True
BW_CONGESTION,11,HR,1.000000,0.950000,1.000000,0.985000,0.900000,True,0.000000,1.000000,0.000000,1.450772,True,False,True,True
BW_CONGESTION,12,HR,1.000000,0.950000,1.000000,0.985000,0.900000,True,0.000000,1.000000,0.000000,1.450772,True,False,True,True
BW_CONGESTION,13,HR,1.000000,0.950000,1.000000,0.985000,0.900000,True,0.000000,0.000000,0.000000,1.450772,True,False,True,True
BW_CONGESTION,14,IT,1.000000,0.950000,1.000000,0.985000,0.900000,True,0.000000,1.000000,0.000000,1.450772,True,True,True,True
BW_CONGESTION,15,IT,1.000000,0.950000,1.000000,0.985000,0.900000,True,0.000000,0.000000,0.000000,1.450772,True,False,True,True
BW_CONGESTION,16,IT,1.000000,0.950000,1.000000,0.985000,0.900000,True,0.000000,0.000000,0.000000,1.450772,True,False,True,True
BW_CONGESTION,17,IT,1.000000,0.950000,1.000000,0.985000,0.900000,True,0.000000,0.000000,0.000000,1.450772,True,False,True,True
BW_CONGESTION,18,IT,1.000000,0.950000,1.000000,0.985000,0.900000,True,0.000000,1.000000,0.000000,1.450772,True,False,True,True
TRUST_DEGRADED,0,Core,1.000000,0.950000,1.000000,0.985000,0.900000,True,0.000000,3.000000,0.000000,1.450772,False,True,True,True
TRUST_DEGRADED,1,Core,1.000000,0.950000,1.000000,0.985000,0.900000,True,0.000000,1.000000,0.000000,1.450772,True,True,True,True
TRUST_DEGRADED,2,Core,1.000000,0.950000,1.000000,0.985000,0.900000,True,0.000000,1.000000,0.000000,1.450772,True,True,True,True
TRUST_DEGRADED,3,Core,1.000000,0.950000,1.000000,0.985000,0.900000,True,0.000000,1.000000,0.000000,1.450772,True,True,True,True
TRUST_DEGRADED,4,Core,1.000000,0.950000,1.000000,0.985000,0.900000,True,0.000000,0.000000,0.000000,1.450772,True,True,True,True
TRUST_DEGRADED,5,DMZ,1.000000,0.950000,1.000000,0.985000,0.900000,True,0.000000,0.000000,0.000000,1.450772,True,False,True,True
TRUST_DEGRADED,6,DMZ,1.000000,0.950000,1.000000,0.985000,0.900000,True,0.000000,1.000000,0.000000,1.450772,True,False,True,True
TRUST_DEGRADED,7,FIN,1.000000,0.950000,1.000000,0.985000,0.900000,True,0.000000,1.000000,0.000000,1.450772,True,True,True,True
TRUST_DEGRADED,8,FIN,1.000000,0.950000,1.000000,0.985000,0.900000,True,0.000000,1.000000,0.000000,1.450772,True,False,True,True
TRUST_DEGRADED,9,HR,1.000000,0.950000,1.000000,0.985000,0.900000,True,0.000000,0.000000,0.000000,1.450772,True,False,True,True
TRUST_DEGRADED,10,HR,1.000000,0.950000,1.000000,0.985000,0.900000,True,0.000000,1.000000,0.000000,1.450772,True,False,True,True
TRUST_DEGRADED,11,HR,1.000000,0.950000,1.000000,0.985000,0.900000,True,0.000000,1.000000,0.000000,1.450772,True,False,True,True
TRUST_DEGRADED,12,HR,1.000000,0.300000,1.000000,0.790000,0.900000,False,0.000000,1.000000,0.000000,1.450772,True,False,True,False
TRUST_DEGRADED,13,HR,1.000000,0.950000,1.000000,0.985000,0.900000,True,0.000000,0.000000,0.000000,1.450772,True,False,True,True
TRUST_DEGRADED,14,IT,1.000000,0.950000,1.000000,0.985000,0.900000,True,0.000000,1.000000,0.000000,1.450772,True,True,True,True
TRUST_DEGRADED,15,IT,1.000000,0.950000,1.000000,0.985000,0.900000,True,0.000000,0.000000,0.000000,1.450772,True,False,True,True
TRUST_DEGRADED,16,IT,1.000000,0.950000,1.000000,0.985000,0.900000,True,0.000000,0.000000,0.000000,1.450772,True,False,True,True
TRUST_DEGRADED,17,IT,1.000000,0.950000,1.000000,0.985000,0.900000,True,0.000000,0.000000,0.000000,1.450772,True,False,True,True
TRUST_DEGRADED,18,IT,1.000000,0.950000,1.000000,0.985000,0.900000,True,0.000000,1.000000,0.000000,1.450772,True,False,True,True
DELAY_SPIKE,0,Core,1.000000,0.950000,1.000000,0.985000,0.900000,True,0.000000,3.000000,0.000000,1.450772,False,True,True,True
DELAY_SPIKE,1,Core,1.000000,0.950000,1.000000,0.985000,0.900000,True,0.000000,1.000000,0.000000,1.450772,True,True,True,True
DELAY_SPIKE,2,Core,1.000000,0.950000,1.000000,0.985000,0.900000,True,0.000000,1.000000,0.000000,1.450772,True,True,True,True
DELAY_SPIKE,3,Core,1.000000,0.950000,1.000000,0.985000,0.900000,True,0.000000,1.000000,0.000000,1.450772,True,True,True,True
DELAY_SPIKE,4,Core,1.000000,0.950000,1.000000,0.985000,0.900000,True,0.000000,0.000000,0.000000,1.450772,True,True,True,True
DELAY_SPIKE,5,DMZ,1.000000,0.950000,1.000000,0.985000,0.900000,True,0.000000,0.000000,0.000000,1.450772,True,False,True,True
DELAY_SPIKE,6,DMZ,1.000000,0.950000,1.000000,0.985000,0.900000,True,0.000000,1.000000,0.000000,1.450772,True,False,True,True
DELAY_SPIKE,7,FIN,1.000000,0.950000,1.000000,0.985000,0.900000,True,0.000000,1.000000,0.000000,1.450772,True,True,True,True
DELAY_SPIKE,8,FIN,1.000000,0.950000,1.000000,0.985000,0.900000,True,0.000000,1.000000,0.000000,1.450772,True,False,True,True
DELAY_SPIKE,9,HR,1.000000,0.950000,1.000000,0.985000,0.900000,True,0.000000,0.000000,0.000000,1.450772,True,False,True,True
DELAY_SPIKE,10,HR,1.000000,0.950000,1.000000,0.985000,0.900000,True,0.000000,1.000000,0.000000,1.450772,True,False,True,True
DELAY_SPIKE,11,HR,1.000000,0.950000,1.000000,0.985000,0.900000,True,0.000000,1.000000,0.000000,1.450772,True,False,True,True
DELAY_SPIKE,12,HR,1.000000,0.950000,1.000000,0.985000,0.900000,True,0.000000,1.000000,0.000000,1.450772,True,False,True,True
DELAY_SPIKE,13,HR,1.000000,0.950000,1.000000,0.985000,0.900000,True,0.000000,0.000000,0.000000,1.450772,True,False,True,True
DELAY_SPIKE,14,IT,1.000000,0.950000,1.000000,0.985000,0.900000,True,0.000000,1.000000,0.000000,1.450772,True,True,True,True
DELAY_SPIKE,15,IT,1.000000,0.950000,1.000000,0.985000,0.900000,True,0.000000,0.000000,0.000000,1.450772,True,False,True,True
DELAY_SPIKE,16,IT,1.000000,0.950000,1.000000,0.985000,0.900000,True,0.000000,0.000000,0.000000,1.450772,True,False,True,True
DELAY_SPIKE,17,IT,1.000000,0.950000,1.000000,0.985000,0.900000,True,0.000000,0.000000,0.000000,1.450772,True,False,True,True
DELAY_SPIKE,18,IT,1.000000,0.950000,1.000000,0.985000,0.900000,True,0.000000,1.000000,0.000000,1.450772,True,False,True,True
STRUCTURE_MITIGATED,0,Core,1.000000,0.950000,1.000000,0.985000,0.900000,True,0.000000,3.000000,0.000000,1.450772,False,True,True,True
STRUCTURE_MITIGATED,1,Core,1.000000,0.950000,1.000000,0.985000,0.900000,True,0.000000,1.000000,0.000000,1.450772,True,True,True,True
STRUCTURE_MITIGATED,2,Core,1.000000,0.950000,1.000000,0.985000,0.900000,True,0.000000,1.000000,0.000000,1.450772,True,True,True,True
STRUCTURE_MITIGATED,3,Core,1.000000,0.950000,1.000000,0.985000,0.900000,True,0.000000,1.000000,0.000000,1.450772,True,True,True,True
STRUCTURE_MITIGATED,4,Core,1.000000,0.950000,1.000000,0.985000,0.900000,True,0.000000,0.000000,0.000000,1.450772,True,True,True,True
STRUCTURE_MITIGATED,5,DMZ,1.000000,0.950000,1.000000,0.985000,0.900000,True,0.000000,0.000000,0.000000,1.450772,True,False,True,True
STRUCTURE_MITIGATED,6,DMZ,1.000000,0.950000,1.000000,0.985000,0.900000,True,0.000000,1.000000,0.000000,1.450772,True,False,True,True
STRUCTURE_MITIGATED,7,FIN,1.000000,0.950000,1.000000,0.985000,0.900000,True,0.000000,1.000000,0.000000,1.450772,True,True,True,True
STRUCTURE_MITIGATED,8,FIN,1.000000,0.950000,1.000000,0.985000,0.900000,True,0.000000,1.000000,0.000000,1.450772,True,False,True,True
STRUCTURE_MITIGATED,9,HR,1.000000,0.950000,1.000000,0.985000,0.900000,True,0.000000,0.000000,0.000000,1.450772,True,False,True,True
STRUCTURE_MITIGATED,10,HR,1.000000,0.950000,1.000000,0.985000,0.900000,True,0.000000,1.000000,0.000000,1.450772,True,False,True,True
STRUCTURE_MITIGATED,11,HR,1.000000,0.950000,1.000000,0.985000,0.900000,True,0.000000,1.000000,0.000000,1.450772,True,False,True,True
STRUCTURE_MITIGATED,12,HR,1.000000,0.950000,1.000000,0.985000,0.900000,True,0.000000,1.000000,0.000000,1.450772,True,False,True,True
STRUCTURE_MITIGATED,13,HR,1.000000,0.950000,1.000000,0.985000,0.900000,True,0.000000,0.000000,0.000000,1.450772,True,False,True,True
STRUCTURE_MITIGATED,14,IT,1.000000,0.950000,1.000000,0.985000,0.900000,True,0.000000,1.000000,0.000000,1.450772,True,True,True,True
STRUCTURE_MITIGATED,15,IT,1.000000,0.950000,1.000000,0.985000,0.900000,True,0.000000,0.000000,0.000000,1.450772,True,False,True,True
STRUCTURE_MITIGATED,16,IT,1.000000,0.950000,1.000000,0.985000,0.900000,True,0.000000,0.000000,0.000000,1.450772,True,False,True,True
STRUCTURE_MITIGATED,17,IT,1.000000,0.950000,1.000000,0.985000,0.900000,True,0.000000,0.000000,0.000000,1.450772,True,False,True,True
STRUCTURE_MITIGATED,18,IT,1.000000,0.950000,1.000000,0.985000,0.900000,True,0.000000,1.000000,0.000000,1.450772,True,False,True,True
